"","participant_code","treatment","brand_equity_1","brand_equity_2","brand_equity_3","brand_equity_4","brand_clarity_1","brand_clarity_2","brand_clarity_3","brand_clarity_4","brand_clarity_5","risk_1","risk_2","risk_3","risk_4","risk_5","trust_1","trust_2","trust_3","trust_4","pollution_1","pollution_2_r","pollution_3","persuasive_1","persuasive_2","persuasive_3","persuasive_4","prestige_1","prestige_2","prestige_3","web3_interest","avg_brand_equity","avg_brand_clarity","avg_risk","avg_trust","avg_prestige","pollution_2","avg_pollution","avg_persuasion"
"1","19sq4ktm","clean",3,3,2,2,5,4,3,5,3,5,5,5,6,6,4,5,3,2,2,5,2,2,2,3,2,3,2,2,0,2.5,4.25,5.4,3.5,2.33333333333333,3,2.33333333333333,2.25
"2","p1vlcj27","polluted",2,3,2,1,2,2,2,2,2,5,3,5,5,5,3,3,3,3,5,5,5,2,2,1,2,2,2,2,0,2,2,4.6,3,2,3,4.33333333333333,1.75
"3","cj316qef","clean",2,2,1,1,2,1,1,1,1,7,3,7,4,7,2,2,1,1,2,4,2,1,1,1,1,1,1,1,0,1.5,1.25,5.6,1.5,1,4,2.66666666666667,1
"4","5e18n6jp","polluted",2,3,1,1,1,1,1,1,1,3,2,2,4,4,3,2,3,3,5,4,6,1,1,1,1,1,1,1,1,1.75,1,3,2.75,1,4,5,1
"5","vjmyrsbb","clean",2,2,1,1,5,4,5,5,5,6,5,6,6,5,4,4,4,4,1,1,1,2,2,1,2,1,1,1,0,1.5,4.75,5.6,4,1,7,3,1.75
"6","42e0wdm4","polluted",5,6,4,4,4,4,6,2,6,3,2,3,2,3,4,4,4,4,3,2,2,6,5,5,5,1,3,2,1,4.75,4,2.6,4,2,6,3.66666666666667,5.25
"7","gw9hvp7j","clean",2,4,4,1,4,3,4,2,3,5,5,3,4,3,1,1,4,3,3,4,5,1,2,1,1,3,3,3,1,2.75,3.25,4,2.25,3,4,4,1.25
"8","89zjujvk","polluted",5,6,6,2,3,5,3,2,2,5,5,5,5,5,5,4,5,4,5,2,5,4,6,6,6,5,4,5,0,4.75,3.25,5,4.5,4.66666666666667,6,5.33333333333333,5.5
"9","7lidtu9t","clean",4,6,4,1,1,3,2,2,3,5,4,5,4,4,4,5,4,5,2,4,1,3,4,3,3,2,2,2,0,3.75,2,4.4,4.5,2,4,2.33333333333333,3.25
"10","bu2g56yr","polluted",3,5,6,1,2,4,2,4,5,5,4,6,6,7,2,1,1,1,3,4,2,1,1,1,1,3,3,4,1,3.75,3,5.6,1.25,3.33333333333333,4,3,1
"11","e9sugqs8","clean",4,7,5,4,3,4,3,2,3,4,3,4,4,4,6,6,7,6,5,6,4,3,3,4,4,3,3,3,0,5,3,3.8,6.25,3,2,3.66666666666667,3.5
"12","0khf2443","polluted",2,3,3,1,6,6,5,5,6,5,5,5,6,6,3,3,4,2,4,4,5,2,3,3,3,4,4,4,0,2.25,5.5,5.4,3,4,4,4.33333333333333,2.75
"13","c8n5n2df","clean",5,5,5,3,4,4,4,4,4,4,4,4,3,3,5,5,3,4,5,5,5,5,5,5,5,5,4,4,0,4.5,4,3.6,4.25,4.33333333333333,3,4.33333333333333,5
"14","0a8oijpq","polluted",4,7,5,2,5,4,6,4,5,3,2,3,2,3,5,5,6,4,7,4,7,6,7,6,6,7,7,7,0,4.5,4.75,2.6,5,7,4,6,6.25
"15","7duh560i","clean",6,4,3,2,4,6,3,5,5,5,4,5,5,3,2,2,3,3,4,6,3,2,2,3,3,3,5,5,1,3.75,4.5,4.4,2.5,4.33333333333333,2,3,2.5
"16","dydvuiia","polluted",7,7,6,4,6,6,6,5,5,4,4,4,2,2,6,7,4,6,3,3,3,6,6,6,7,5,5,5,1,6,5.75,3.2,5.75,5,5,3.66666666666667,6.25
"17","pxh61kna","polluted",4,3,4,2,2,3,3,3,3,5,4,4,4,2,5,5,5,4,5,4,6,4,4,4,4,2,2,2,1,3.25,2.75,3.8,4.75,2,4,5,4
"18","7x090prj","clean",2,5,2,1,2,3,4,6,3,5,5,6,4,3,4,1,3,3,2,6,2,1,3,2,2,1,4,2,1,2.5,3.75,4.6,2.75,2.33333333333333,2,2,2
"19","643d6ve8","polluted",3,5,4,1,3,3,3,3,3,7,7,7,6,7,5,5,3,3,6,3,6,2,2,2,2,4,4,4,0,3.25,3,6.8,4,4,5,5.66666666666667,2
"20","9f22ijvn","clean",4,4,2,1,4,4,4,3,3,4,4,4,4,4,5,5,5,5,3,5,3,3,3,3,3,2,2,2,1,2.75,3.75,4,5,2,3,3,3
"21","glag90sr","polluted",2,4,6,1,1,2,2,3,4,5,5,5,4,3,3,3,3,3,7,4,7,2,3,3,2,2,5,5,0,3.25,2,4.4,3,4,4,6,2.5
"22","cvvvo3af","clean",1,4,1,1,4,4,2,7,4,5,5,5,4,5,6,3,3,4,5,2,5,1,1,1,1,1,1,1,0,1.75,4.25,4.8,4,1,6,5.33333333333333,1
"23","fln31eor","polluted",5,6,5,4,5,6,4,5,5,2,2,3,2,2,5,6,6,6,3,5,3,5,5,5,6,4,5,4,0,5,5,2.2,5.75,4.33333333333333,3,3,5.25
"24","3h1slsn3","clean",2,3,2,1,6,5,6,4,6,2,3,3,2,2,5,5,5,5,3,3,3,2,3,2,2,4,5,5,0,2,5.25,2.4,5,4.66666666666667,5,3.66666666666667,2.25
"25","4ubiwjzh","polluted",6,5,7,4,6,4,5,7,6,1,2,5,3,2,6,7,6,5,2,1,5,7,6,3,5,4,6,4,0,5.5,5.5,2.6,6,4.66666666666667,7,4.66666666666667,5.25
"26","nsn6a8ov","clean",6,7,6,2,5,5,5,3,7,3,2,3,2,1,5,5,3,6,5,6,1,4,3,2,2,5,5,5,0,5.25,4.5,2.2,4.75,5,2,2.66666666666667,2.75
"27","030svh2g","polluted",7,7,7,7,6,6,6,6,6,2,2,2,2,2,6,6,6,6,3,6,3,6,6,6,6,6,6,6,1,7,6,2,6,6,2,2.66666666666667,6
"28","ues80em9","clean",4,5,5,3,4,4,5,5,5,5,5,4,5,6,5,5,5,4,3,5,4,3,3,3,3,3,3,4,0,4.25,4.5,5,4.75,3.33333333333333,3,3.33333333333333,3
"29","7dj9f27r","polluted",1,3,2,1,1,3,2,1,1,7,6,7,7,7,3,2,6,1,2,2,3,2,2,3,2,2,2,3,0,1.75,1.75,6.8,3,2.33333333333333,6,3.66666666666667,2.25
"30","o6hflmyf","polluted",4,5,3,2,5,5,4,5,5,4,4,5,2,1,4,5,6,5,6,3,6,2,3,2,5,2,3,3,1,3.5,4.75,3.2,5,2.66666666666667,5,5.66666666666667,3
"31","p34y3yzv","clean",3,5,4,2,5,5,6,6,6,2,2,2,2,2,3,3,3,3,2,7,2,2,2,5,2,4,4,4,0,3.5,5.5,2,3,4,1,1.66666666666667,2.75
"32","p66g1ngk","polluted",6,6,6,4,4,5,4,4,4,4,3,4,4,2,4,4,4,5,1,5,2,5,6,6,5,5,6,6,0,5.5,4.25,3.4,4.25,5.66666666666667,3,2,5.5
"33","x9mhl5qw","clean",3,3,1,1,4,3,5,5,5,4,4,3,5,5,1,1,1,1,5,4,5,1,2,1,1,1,1,1,0,2,4.25,4.2,1,1,4,4.66666666666667,1.25
"34","vtavo1r5","polluted",6,5,5,4,6,1,3,3,5,5,5,5,6,5,4,3,6,3,6,3,2,2,4,3,3,3,5,5,1,5,3.25,5.2,4,4.33333333333333,5,4.33333333333333,3
"35","l4oyxtw4","clean",2,4,4,1,4,5,3,3,5,5,2,1,1,1,6,4,4,3,4,2,4,1,1,1,1,3,4,4,1,2.75,3.75,2,4.25,3.66666666666667,6,4.66666666666667,1
"36","yevwnfas","polluted",4,4,4,2,5,3,4,2,3,5,4,4,5,2,4,4,5,5,3,3,3,3,3,3,3,3,5,4,0,3.5,3.5,4,4.5,4,5,3.66666666666667,3
"37","drj4yxz9","clean",7,7,4,1,3,4,2,2,1,4,4,4,4,4,4,4,6,4,1,1,1,6,5,6,5,1,1,1,0,4.75,2.75,4,4.5,1,7,3,5.5
"38","snr00nkr","clean",5,6,6,6,3,3,5,4,2,2,4,2,2,2,4,4,3,4,3,6,3,4,5,5,3,6,6,6,1,5.75,3.75,2.4,3.75,6,2,2.66666666666667,4.25
"39","wcdbmdm0","polluted",4,6,5,4,5,6,4,4,5,2,2,2,4,2,5,5,5,4,5,2,5,3,5,4,4,5,5,5,0,4.75,4.75,2.4,4.75,5,6,5.33333333333333,4
"40","jn923igp","clean",2,4,2,2,2,3,3,2,4,4,5,4,5,5,4,4,3,4,2,5,1,3,3,4,4,6,5,5,0,2.5,2.5,4.6,3.75,5.33333333333333,3,2,3.5
"41","yjrejljk","polluted",2,3,2,1,5,5,5,6,6,3,3,3,3,3,4,5,4,3,4,2,5,3,2,1,3,2,3,3,0,2,5.25,3,4,2.66666666666667,6,5,2.25
"42","2wjbno1j","clean",3,4,2,1,5,4,6,5,7,6,4,5,4,4,4,3,2,1,5,6,7,2,2,4,3,6,6,7,1,2.5,5,4.6,2.5,6.33333333333333,2,4.66666666666667,2.75
"43","ihn99y6y","polluted",5,7,5,1,5,4,4,3,5,4,4,3,5,3,6,7,5,5,1,5,2,4,6,5,6,5,4,5,0,4.5,4,3.8,5.75,4.66666666666667,3,2,5.25
"44","zbsvz2um","clean",1,1,1,1,5,4,5,7,3,5,5,5,5,5,2,2,2,2,4,4,4,2,2,2,2,1,1,1,0,1,5.25,5,2,1,4,4,2
"45","qc2asmwu","polluted",4,5,4,3,6,5,4,4,3,3,3,4,3,3,4,4,3,4,2,4,5,4,5,4,5,5,4,5,1,4,4.75,3.2,3.75,4.66666666666667,4,3.66666666666667,4.5
"46","8he00lx0","clean",3,5,3,3,5,4,5,4,6,1,1,4,1,1,6,5,6,5,2,6,2,5,5,6,6,2,3,2,0,3.5,4.5,1.6,5.5,2.33333333333333,2,2,5.5
"47","wors3a57","polluted",4,4,3,4,4,4,4,5,5,4,3,5,3,3,4,4,4,4,5,3,5,3,3,3,3,4,3,3,1,3.75,4.25,3.6,4,3.33333333333333,5,5,3
"48","28vpj8ds","clean",5,5,4,2,5,5,6,5,6,2,2,2,2,2,2,2,2,2,5,6,5,5,4,5,4,5,5,3,0,4,5.25,2,2,4.33333333333333,2,4,4.5
"49","ytn5oeox","polluted",3,3,4,3,3,4,3,3,4,6,5,4,5,4,5,4,3,4,7,4,7,5,4,5,4,4,4,3,0,3.25,3.25,4.8,4,3.66666666666667,4,6,4.5
"50","29ffy7no","clean",5,6,6,5,5,5,5,5,5,5,3,3,3,3,6,6,6,6,3,6,5,3,5,5,3,3,3,3,0,5.5,5,3.4,6,3,2,3.33333333333333,4
"51","brf64vf2","polluted",5,5,6,4,4,4,3,3,4,2,4,4,1,3,5,5,4,5,5,7,3,6,5,6,6,4,5,5,0,5,3.5,2.8,4.75,4.66666666666667,1,3,5.75
"52","pbj12mik","clean",3,4,4,1,3,2,5,4,2,4,3,4,4,4,4,3,3,3,2,6,2,2,1,2,1,6,6,6,0,3,3.5,3.8,3.25,6,2,2,1.5
"53","pxj0kw8z","polluted",3,4,4,3,1,3,2,2,3,2,3,1,3,3,4,3,4,3,5,3,5,2,3,3,2,3,5,4,1,3.5,2,2.4,3.5,4,5,5,2.5
"54","g3gzy8me","clean",1,1,1,1,6,4,6,7,6,6,6,6,6,6,1,1,1,1,1,7,1,1,1,1,1,1,1,1,0,1,5.75,6,1,1,1,1,1
"55","xy2nfph0","polluted",2,4,4,1,1,4,3,6,2,6,4,4,4,6,4,4,4,4,7,4,7,1,1,1,4,1,4,4,0,2.75,3.5,4.8,4,3,4,6,1.75
"56","xta6o3vw","clean",1,3,1,1,1,1,1,1,1,7,7,7,7,7,1,1,1,1,6,2,4,1,1,1,1,1,1,1,0,1.5,1,7,1,1,6,5.33333333333333,1
"57","333bdejv","polluted",2,4,1,1,4,5,3,1,4,5,4,7,4,3,4,1,1,3,5,3,5,2,4,1,1,2,3,4,0,2,3.25,4.6,2.25,3,5,5,2
"58","oa3gj5rv","clean",4,4,4,1,5,5,5,2,5,1,2,2,1,1,6,6,6,6,2,2,2,2,4,4,4,2,2,2,1,3.25,4.25,1.4,6,2,6,3.33333333333333,3.5
"59","j32j23k9","polluted",4,7,5,1,4,4,4,4,4,4,4,4,4,4,5,4,4,4,4,4,4,1,1,1,1,6,6,6,0,4.25,4,4,4.25,6,4,4,1
"60","pczorf06","clean",6,7,6,6,6,7,6,6,6,3,3,2,1,2,6,7,4,6,3,2,1,6,6,6,7,5,5,5,1,6.25,6.25,2.2,5.75,5,6,3.33333333333333,6.25
"61","b97iyded","polluted",5,5,5,4,4,4,4,5,5,1,2,2,1,1,5,5,5,5,4,3,3,5,5,4,5,5,5,5,0,4.75,4.25,1.4,5,5,5,4,4.75
"62","bx43vpa3","clean",5,6,4,5,3,6,3,3,3,3,2,3,2,2,4,3,5,4,4,2,3,5,6,4,4,4,5,4,0,5,3.75,2.4,4,4.33333333333333,6,4.33333333333333,4.75
"63","nuv5i1zv","polluted",3,6,6,3,4,3,3,5,7,1,1,1,1,1,4,4,3,4,3,4,3,4,5,4,5,5,6,6,0,4.5,3.75,1,3.75,5.66666666666667,4,3.33333333333333,4.5
"64","vpelsi8r","clean",7,6,7,5,6,7,5,6,6,3,1,1,1,2,7,6,7,7,2,2,1,4,5,7,6,6,5,7,1,6.25,6,1.6,6.75,6,6,3,5.5
"65","a0xdgshm","polluted",2,4,4,1,5,2,2,2,2,6,3,5,5,5,4,4,4,3,5,3,4,5,3,2,5,5,5,5,0,2.75,2.75,4.8,3.75,5,5,4.66666666666667,3.75
"66","66yybsk7","clean",4,5,4,3,4,5,7,6,6,5,4,5,5,5,5,5,5,5,4,5,5,5,6,5,6,5,6,5,0,4,5.5,4.8,5,5.33333333333333,3,4,5.5
"67","8td211ha","polluted",3,5,2,1,3,3,1,1,1,6,4,6,4,5,4,3,2,4,3,3,4,3,4,2,3,6,5,5,0,2.75,2,5,3.25,5.33333333333333,5,4,3
"68","ts7vcxzu","clean",5,6,6,4,5,4,6,6,5,2,1,2,1,1,5,6,5,5,1,3,1,5,5,4,4,6,5,6,0,5.25,5.25,1.4,5.25,5.66666666666667,5,2.33333333333333,4.5
"69","88lruybx","clean",6,6,6,1,1,5,1,1,1,2,4,4,4,4,4,4,4,4,6,2,6,5,7,5,5,7,7,7,0,4.75,2,3.6,4,7,6,6,5.5
"70","7zfps2z6","polluted",5,5,5,5,5,5,5,5,5,6,4,4,4,4,3,3,3,4,7,1,7,3,3,3,3,4,4,4,1,5,5,4.4,3.25,4,7,7,3
"71","nbun072l","clean",5,6,5,4,3,3,3,4,4,4,3,4,3,3,6,6,6,6,3,4,3,5,4,4,5,5,5,5,1,5,3.25,3.4,6,5,4,3.33333333333333,4.5
"72","faarxgom","polluted",6,6,6,5,5,5,5,5,3,2,2,2,2,2,6,6,6,6,5,5,5,6,5,6,6,5,5,5,1,5.75,5,2,6,5,3,4.33333333333333,5.75
"73","cagu6pl7","clean",3,5,2,1,2,2,3,3,6,7,7,7,7,7,3,3,2,1,1,3,3,1,1,1,1,1,1,1,0,2.75,2.5,7,2.25,1,5,3,1
"74","9viccg73","polluted",4,7,7,6,5,5,5,5,5,1,1,1,1,1,6,6,6,6,5,5,5,7,7,7,7,7,7,7,0,6,5,1,6,7,3,4.33333333333333,7
"75","bn8au99h","clean",5,5,4,5,2,4,4,2,3,5,4,5,4,5,4,5,3,4,6,5,3,5,5,5,4,4,4,4,0,4.75,3,4.6,4,4,3,4,4.75
"76","aszp47s6","polluted",2,2,2,1,3,4,1,6,2,4,5,4,1,1,4,4,2,2,2,6,2,1,2,1,1,5,5,5,0,1.75,3.5,3,3,5,2,2,1.25
"77","wdhx3u3r","clean",7,4,2,1,3,2,2,5,4,4,5,5,6,6,4,4,3,4,5,4,4,3,2,1,2,3,3,3,0,3.5,3,5.2,3.75,3,4,4.33333333333333,2
"78","xkxpv9aw","polluted",4,4,4,4,3,3,3,3,3,3,4,4,3,3,5,5,5,5,2,6,2,5,5,5,5,4,4,4,0,4,3,3.4,5,4,2,2,5
"79","fbacjpni","clean",2,2,1,1,4,3,4,5,5,5,5,6,2,3,2,3,3,2,2,2,2,1,2,1,1,1,1,3,1,1.5,4,4.2,2.5,1.66666666666667,6,3.33333333333333,1.25
"80","wgtl5q53","polluted",1,4,4,1,5,2,7,7,5,6,5,5,7,7,2,2,4,1,7,3,7,5,3,4,4,1,7,5,0,2.5,5.25,6,2.25,4.33333333333333,5,6.33333333333333,4
"81","wa2x3j8t","clean",4,5,4,2,3,2,1,1,1,5,4,5,5,5,4,4,6,3,3,2,3,1,2,1,1,4,4,4,0,3.75,1.75,4.8,4.25,4,6,4,1.25
"82","pe7xrb0r","polluted",1,1,1,1,4,1,1,1,1,7,7,7,3,7,7,7,7,7,3,2,4,1,1,1,1,1,1,1,0,1,1.75,6.2,7,1,6,4.33333333333333,1
"83","na2naeth","clean",5,5,5,1,2,1,2,1,1,5,3,5,4,5,4,4,3,4,3,5,4,3,3,3,3,4,4,4,0,4,1.5,4.4,3.75,4,3,3.33333333333333,3
"84","m5ew5f0r","polluted",6,6,6,4,4,6,5,5,5,3,2,3,3,3,6,6,5,6,5,4,3,5,6,6,6,3,5,5,1,5.5,5,2.8,5.75,4.33333333333333,4,4,5.75
"85","i6ukubsk","clean",6,5,6,4,5,6,6,5,5,2,3,3,2,2,5,5,6,5,3,6,5,6,5,5,6,5,5,4,1,5.25,5.5,2.4,5.25,4.66666666666667,2,3.33333333333333,5.5
"86","4x4xu2yn","polluted",2,3,2,1,2,2,3,5,1,6,5,5,3,7,2,2,1,2,1,7,1,2,2,2,2,2,2,2,1,2,3,5.2,1.75,2,1,1,2
"87","ws5jw5gi","clean",5,5,5,5,4,5,4,4,4,4,3,4,3,3,5,5,4,5,3,2,3,4,4,4,4,5,5,5,1,5,4.25,3.4,4.75,5,6,4,4
"88","79co0ov9","polluted",5,4,5,3,4,4,4,4,4,1,1,1,1,1,5,5,5,5,2,2,2,5,5,5,5,5,5,5,0,4.25,4,1,5,5,6,3.33333333333333,5
"89","vriidiac","clean",5,3,2,1,3,3,2,5,2,5,3,3,2,2,5,7,3,4,2,5,2,1,3,2,2,4,6,3,1,2.75,3.25,3,4.75,4.33333333333333,3,2.33333333333333,2
"90","hr568vzy","polluted",5,6,5,3,5,5,4,3,4,3,3,4,4,3,5,4,5,5,6,3,6,5,5,4,5,5,6,5,0,4.75,4.25,3.4,4.75,5.33333333333333,5,5.66666666666667,4.75
"91","afumca7b","clean",1,1,1,1,5,3,4,7,5,7,4,7,7,7,1,1,1,1,7,7,7,1,1,1,1,1,1,1,1,1,4.75,6.4,1,1,1,5,1
"92","ryzpnaaj","polluted",6,7,4,1,4,4,3,2,4,6,4,5,3,4,4,6,4,4,2,5,3,4,4,5,5,4,5,5,0,4.5,3.25,4.4,4.5,4.66666666666667,3,2.66666666666667,4.5
"93","o0j9wk0k","clean",1,1,4,1,1,1,1,1,1,1,1,1,1,1,4,4,4,4,4,4,4,1,1,1,1,1,1,1,0,1.75,1,1,4,1,4,4,1
"94","4nabgpfy","polluted",6,7,5,6,3,4,5,3,3,3,2,3,4,6,5,5,4,6,3,5,4,5,5,4,6,5,5,6,1,6,3.75,3.6,5,5.33333333333333,3,3.33333333333333,5
"95","hm3gbrux","clean",7,7,6,1,6,6,7,6,7,4,2,4,1,2,5,6,5,5,5,2,3,2,6,2,3,2,2,2,0,5.25,6.25,2.6,5.25,2,6,4.66666666666667,3.25
"96","9ktvisz2","polluted",4,6,6,5,3,3,4,3,4,5,4,5,4,4,6,6,6,6,6,3,6,4,4,4,4,6,6,6,0,5.25,3.25,4.4,6,6,5,5.66666666666667,4
"97","40nhccsc","clean",5,5,4,4,5,4,5,5,5,3,4,3,4,3,5,5,5,4,5,4,4,6,6,6,5,4,5,4,1,4.5,4.75,3.4,4.75,4.33333333333333,4,4.33333333333333,5.75
"98","b0b0dtjr","polluted",5,6,6,5,3,3,3,3,3,5,4,6,4,4,4,4,2,4,2,5,2,4,4,4,5,4,4,4,0,5.5,3,4.6,3.5,4,3,2.33333333333333,4.25
"99","cc0ihcss","clean",3,4,3,1,6,6,6,5,5,2,4,4,2,2,4,4,4,3,6,2,6,1,1,1,1,6,6,6,0,2.75,5.75,2.8,3.75,6,6,6,1
"100","962xxgtg","polluted",5,5,6,3,4,4,4,2,4,4,1,4,1,1,6,6,4,5,3,1,3,6,6,5,5,6,6,6,1,4.75,3.5,2.2,5.25,6,7,4.33333333333333,5.5
"101","i2xduou8","clean",2,2,2,1,4,4,1,1,2,6,4,4,4,5,4,4,3,4,3,3,3,1,2,1,1,4,4,4,0,1.75,2.5,4.6,3.75,4,5,3.66666666666667,1.25
"102","4riew6py","polluted",5,6,5,3,4,4,3,4,5,6,5,6,6,4,4,3,3,3,3,5,4,5,4,5,5,4,5,4,0,4.75,3.75,5.4,3.25,4.33333333333333,3,3.33333333333333,4.75
"103","7h6dnk24","clean",4,5,4,4,4,4,4,3,3,3,2,3,3,3,4,5,3,4,2,2,2,5,4,5,5,5,5,4,1,4.25,3.75,2.8,4,4.66666666666667,6,3.33333333333333,4.75
"104","im4y4ljm","polluted",1,1,1,1,1,1,1,1,1,7,7,7,7,7,1,1,1,1,7,1,7,1,1,1,1,1,1,1,0,1,1,7,1,1,7,7,1
"105","61wbp2ak","clean",6,6,6,4,6,6,6,7,6,1,2,2,3,2,6,7,6,6,5,2,5,6,6,5,5,6,6,6,0,5.5,6.25,2,6.25,6,6,5.33333333333333,5.5
"106","9oa1nal0","polluted",5,5,6,5,4,6,4,4,4,3,3,3,2,2,5,5,4,5,2,3,2,5,5,6,5,5,5,5,1,5.25,4.5,2.6,4.75,5,5,3,5.25
"107","tljbulz8","clean",3,3,2,1,4,6,6,5,5,4,2,4,4,4,4,3,2,2,5,2,5,1,1,1,1,2,2,3,0,2.25,5.25,3.6,2.75,2.33333333333333,6,5.33333333333333,1
"108","jls78ksu","polluted",2,2,2,1,1,1,1,1,1,6,6,6,6,6,3,3,3,2,6,1,6,2,2,2,2,2,2,2,0,1.75,1,6,2.75,2,7,6.33333333333333,2
"109","7gpu9ojb","clean",4,5,6,1,5,5,5,4,7,1,1,1,1,1,4,4,6,5,1,1,1,3,3,3,3,4,6,5,0,4,4.75,1,4.75,5,7,3,3
"110","ju4q5iht","polluted",1,2,1,1,2,2,2,4,4,7,5,7,7,7,1,1,1,1,5,2,6,1,1,1,1,1,1,1,0,1.25,2.5,6.6,1,1,6,5.66666666666667,1
"111","82jic11a","clean",6,6,5,2,6,5,6,6,5,3,4,3,3,3,5,5,4,5,2,2,3,5,6,6,5,4,6,5,1,4.75,5.75,3.2,4.75,5,6,3.66666666666667,5.5
"112","bjbnpl0g","polluted",3,2,3,2,3,5,3,3,2,6,6,6,6,6,1,1,1,1,6,3,6,5,3,3,3,6,6,6,0,2.5,3.5,6,1,6,5,5.66666666666667,3.5
"113","pd1qjw0p","clean",2,4,2,1,4,2,3,3,4,4,3,3,2,3,3,2,2,2,2,6,2,2,1,1,1,2,5,5,0,2.25,3,3,2.25,4,2,2,1.25
"114","232jnkkc","polluted",1,1,1,1,2,3,1,3,6,7,7,6,7,7,1,1,1,1,7,3,7,1,1,1,1,1,1,1,0,1,2.25,6.8,1,1,5,6.33333333333333,1
"115","6rsnwhax","clean",1,2,2,1,2,2,2,2,3,5,4,6,4,4,3,3,3,3,2,7,2,1,1,1,1,2,2,2,0,1.5,2,4.6,3,2,1,1.66666666666667,1
"116","nv17m7df","polluted",4,6,6,4,5,6,4,4,5,2,3,3,1,1,4,4,3,4,3,5,5,3,3,3,3,5,5,5,1,5,4.75,2,3.75,5,3,3.66666666666667,3
"117","kdkzz9pq","clean",5,3,5,4,4,4,3,5,3,5,4,3,4,3,4,4,4,5,4,3,3,4,4,5,4,3,4,2,0,4.25,4,3.8,4.25,3,5,4,4.25
"118","rzr9e5su","polluted",6,7,6,4,5,5,5,5,3,2,1,2,1,1,5,4,4,5,6,2,6,6,6,7,6,5,6,5,1,5.75,5,1.4,4.5,5.33333333333333,6,6,6.25
"119","t8anbe10","clean",3,5,2,1,2,2,1,7,2,2,6,6,2,2,6,5,2,2,2,1,2,2,4,1,2,2,2,1,1,2.75,3,3.6,3.75,1.66666666666667,7,3.66666666666667,2.25
"120","c8bokt5j","polluted",2,2,2,1,2,2,2,1,2,5,5,5,6,5,4,4,6,3,2,3,3,1,2,2,2,3,5,5,0,1.75,1.75,5.2,4.25,4.33333333333333,5,3.33333333333333,1.75
"121","bs724rcz","clean",2,2,3,3,6,5,6,6,6,4,5,5,4,4,2,2,2,2,1,7,1,2,2,2,2,3,4,4,1,2.5,5.75,4.4,2,3.66666666666667,1,1,2
"122","zo9dh8tg","polluted",6,6,5,4,4,3,4,3,3,3,3,5,4,3,6,5,6,5,2,6,2,5,3,4,4,5,6,5,1,5.25,3.5,3.6,5.5,5.33333333333333,2,2,4
"123","69rimphy","clean",4,4,4,2,3,4,5,3,3,4,4,4,5,4,5,5,3,4,2,2,2,3,3,4,5,3,4,4,0,3.5,3.75,4.2,4.25,3.66666666666667,6,3.33333333333333,3.75
"124","73r57dxe","clean",5,5,2,1,4,3,3,3,4,1,1,1,1,1,5,5,5,5,2,2,2,3,3,3,3,1,1,1,0,3.25,3.25,1,5,1,6,3.33333333333333,3
"125","20ja9lv3","polluted",6,6,6,5,6,6,6,6,6,1,2,1,1,1,5,5,5,5,7,1,7,5,6,6,5,6,5,6,0,5.75,6,1.2,5,5.66666666666667,7,7,5.5
"126","cr59iger","clean",3,4,2,1,3,3,4,4,3,4,4,4,4,4,3,3,3,3,2,6,6,2,4,3,2,1,1,1,1,2.5,3.5,4,3,1,2,3.33333333333333,2.75
"127","fbgl99sn","polluted",4,4,4,1,3,2,3,2,2,6,4,4,5,5,4,4,4,4,5,5,5,3,4,3,4,4,4,4,0,3.25,2.5,4.8,4,4,3,4.33333333333333,3.5
"128","d5fj4wus","clean",2,4,2,1,2,4,1,1,1,6,6,6,6,6,1,1,1,1,5,5,7,1,1,1,1,5,3,3,0,2.25,2,6,1,3.66666666666667,3,5,1
"129","xkn5arjn","polluted",2,1,2,1,7,4,7,7,7,1,1,1,1,1,6,6,3,4,1,6,1,1,1,1,1,3,2,2,1,1.5,6.25,1,4.75,2.33333333333333,2,1.33333333333333,1
"130","sphsfes4","clean",1,3,1,1,5,4,5,7,3,7,7,7,5,6,3,3,4,2,1,2,6,3,5,4,3,1,1,1,0,1.5,5.25,6.4,3,1,6,4.33333333333333,3.75
"131","8jh8ju3h","polluted",4,5,4,1,4,5,5,4,4,4,4,4,2,3,4,3,3,2,7,1,7,2,3,4,3,4,5,5,0,3.5,4.5,3.4,3,4.66666666666667,7,7,3
"132","h8iv5cr8","clean",3,3,4,1,1,2,1,1,1,7,4,6,7,6,2,3,2,2,6,4,6,2,1,3,2,5,4,5,0,2.75,1.25,6,2.25,4.66666666666667,4,5.33333333333333,2
"133","bh9kj4xm","polluted",4,4,3,2,2,3,2,1,1,3,5,4,1,4,4,2,3,2,7,1,7,1,1,1,1,1,1,1,1,3.25,2,3.4,2.75,1,7,7,1
"134","5su7fo4j","clean",3,4,2,1,2,7,3,1,6,6,4,6,5,5,4,4,1,4,2,6,2,5,4,4,5,1,4,4,0,2.5,3.25,5.2,3.25,3,2,2,4.5
"135","mpn1bcum","polluted",3,4,4,2,3,4,3,3,3,5,4,5,5,5,4,4,4,4,7,1,7,4,5,4,5,4,4,4,0,3.25,3.25,4.8,4,4,7,7,4.5
"136","l98clun6","clean",3,4,3,1,2,1,1,2,1,5,5,7,5,5,3,4,4,3,5,2,4,3,2,4,2,5,4,4,0,2.75,1.5,5.4,3.5,4.33333333333333,6,5,2.75
"137","keyqlbfw","polluted",4,5,3,3,4,2,2,2,2,3,4,3,3,3,6,5,5,5,6,2,6,5,5,5,5,2,2,2,0,3.75,2.5,3.2,5.25,2,6,6,5
"138","2ffx16ze","clean",6,6,3,2,2,4,2,2,2,3,3,3,2,2,4,4,4,4,6,2,6,3,2,2,3,4,3,3,1,4.25,2.5,2.6,4,3.33333333333333,6,6,2.5
"139","2jkkye0n","polluted",3,3,3,3,2,3,1,1,1,4,4,4,2,2,4,3,3,4,5,2,5,4,3,3,3,3,3,3,0,3,1.75,3.2,3.5,3,6,5.33333333333333,3.25
"140","8ahkwl81","clean",2,3,2,1,2,6,2,3,3,7,5,7,6,7,2,2,2,1,3,7,2,2,2,1,1,2,2,2,0,2,3.25,6.4,1.75,2,1,2,1.5
"141","57qdgmsi","polluted",3,4,3,2,5,6,4,5,4,6,5,5,5,5,2,3,3,3,6,3,5,2,3,3,2,3,4,4,1,3,5,5.2,2.75,3.66666666666667,5,5.33333333333333,2.5
"142","js980882","clean",5,5,5,4,4,4,2,2,2,4,4,4,4,4,4,4,4,4,2,5,2,5,5,4,4,5,5,5,1,4.75,3,4,4,5,3,2.33333333333333,4.5
"143","l8jny6t6","polluted",1,4,2,1,6,3,6,7,2,7,7,6,6,4,1,2,1,3,7,1,7,1,1,2,2,5,5,4,0,2,5.5,6,1.75,4.66666666666667,7,7,1.5
"144","hto2ffjz","clean",4,6,5,4,4,5,5,5,6,5,4,5,6,4,4,4,2,3,4,3,3,4,4,6,4,2,4,3,0,4.75,4.75,4.8,3.25,3,5,4,4.5
"145","r9tb1eso","polluted",4,4,5,4,5,4,5,4,4,4,3,3,3,3,4,4,4,5,4,4,4,5,5,5,5,4,4,4,0,4.25,4.5,3.2,4.25,4,4,4,5
"146","37z2858w","clean",6,6,6,3,6,4,5,4,4,2,2,2,1,2,6,6,6,6,1,3,1,5,5,5,5,4,4,4,0,5.25,4.75,1.8,6,4,5,2.33333333333333,5
"147","j1rrvsc1","polluted",6,7,6,5,6,6,6,6,7,3,5,5,4,3,5,5,4,5,2,3,5,6,6,6,6,3,3,3,0,6,6,4,4.75,3,5,4,6
"148","0jossmmj","clean",3,4,2,1,3,4,3,3,3,5,4,4,6,4,2,2,2,2,4,4,4,1,1,1,1,4,4,4,1,2.5,3.25,4.6,2,4,4,4,1
"149","6xgmfrzn","polluted",1,4,1,1,1,1,1,7,4,6,6,6,5,5,1,1,1,1,4,3,3,1,1,1,1,1,1,1,0,1.75,2.5,5.6,1,1,5,4,1
"150","q5r74muz","clean",3,3,1,1,3,3,3,5,3,4,4,2,2,2,4,4,4,4,3,3,3,1,2,1,3,2,2,2,0,2,3.5,2.8,4,2,5,3.66666666666667,1.75
"151","06kzg2my","polluted",3,4,2,1,4,6,3,1,2,2,3,6,2,1,6,7,7,6,5,6,4,1,2,3,2,4,4,4,1,2.5,3.5,2.8,6.5,4,2,3.66666666666667,2
"152","5a5i9o8z","polluted",2,3,2,2,2,3,3,4,3,4,3,5,3,3,3,3,3,3,7,4,7,1,2,1,2,2,1,2,0,2.25,3,3.6,3,1.66666666666667,4,6,1.5
"153","7ujf7ta6","clean",6,6,6,6,6,6,6,6,6,1,1,1,1,1,6,6,7,6,4,5,4,6,6,6,6,6,6,6,1,6,6,1,6.25,6,3,3.66666666666667,6
"154","l7a1hxqz","polluted",1,1,1,1,1,3,1,1,1,7,7,7,7,7,1,1,1,1,5,3,5,1,1,1,1,1,1,1,0,1,1.5,7,1,1,5,5,1
"155","jffpy7na","clean",6,7,6,5,5,1,3,5,3,2,1,1,1,1,6,4,2,4,3,6,3,7,6,6,6,6,7,7,0,6,3.5,1.2,4,6.66666666666667,2,2.66666666666667,6.25
"156","jrjxcmde","polluted",6,6,6,4,5,5,5,5,5,3,4,4,2,3,4,5,4,4,2,2,2,5,5,5,5,5,5,5,1,5.5,5,3.2,4.25,5,6,3.33333333333333,5
"157","wigqtyjf","clean",5,5,5,2,4,5,3,3,4,4,4,4,4,4,4,4,4,4,6,6,5,2,3,4,3,5,5,5,0,4.25,3.75,4,4,5,2,4.33333333333333,3
"158","okestflw","polluted",5,6,5,1,1,4,1,1,5,1,4,1,1,1,2,2,4,4,7,1,6,1,1,3,1,1,1,1,1,4.25,1.75,1.6,3,1,7,6.66666666666667,1.5
"159","g1lxn5st","clean",3,5,5,2,7,6,7,6,6,7,6,5,6,6,7,5,4,5,1,1,1,7,5,7,6,5,5,5,1,3.75,6.5,6,5.25,5,7,3,6.25
"160","faibx3hg","polluted",2,4,3,2,3,5,3,3,3,5,5,5,4,5,3,3,3,2,5,3,5,2,3,2,3,5,5,5,0,2.75,3.5,4.8,2.75,5,5,5,2.5
"161","h3296bjp","clean",4,4,3,2,3,3,2,2,2,3,2,4,2,2,5,5,4,4,1,3,1,2,2,1,2,3,4,4,0,3.25,2.5,2.6,4.5,3.66666666666667,5,2.33333333333333,1.75
"162","p4wnkzql","polluted",4,5,5,4,6,5,5,6,5,2,3,2,2,1,5,5,5,6,3,2,4,5,5,7,6,4,4,4,1,4.5,5.5,2,5.25,4,6,4.33333333333333,5.75
"163","xmy60pmx","clean",4,5,5,3,5,4,4,3,2,4,3,3,3,3,6,6,6,6,2,2,3,4,5,5,4,4,4,4,0,4.25,4,3.2,6,4,6,3.66666666666667,4.5
"164","1sgklc40","polluted",6,6,5,2,4,5,5,4,5,3,2,2,2,3,6,5,4,4,6,2,6,5,5,4,5,5,5,5,0,4.75,4.5,2.4,4.75,5,6,6,4.75
"165","z8iauban","clean",7,7,6,4,7,6,6,5,6,1,1,1,1,1,6,6,6,6,2,2,2,6,6,6,6,5,6,6,1,6,6,1,6,5.66666666666667,6,3.33333333333333,6
"166","zigcwiip","polluted",4,5,4,3,3,2,2,1,1,5,4,5,4,4,4,4,5,4,6,5,6,3,3,3,3,2,2,2,0,4,2,4.4,4.25,2,3,5,3
"167","xr0e2w2j","clean",2,3,3,1,3,3,4,5,3,5,4,5,4,4,4,4,4,3,2,2,2,1,1,1,2,1,1,1,0,2.25,3.75,4.4,3.75,1,6,3.33333333333333,1.25
"168","51id2zir","polluted",1,1,1,1,7,4,6,7,7,7,7,7,7,7,3,4,1,1,7,1,6,1,1,1,1,1,1,1,0,1,6,7,2.25,1,7,6.66666666666667,1
"169","4aqkqz7x","clean",6,5,6,2,6,6,5,2,5,2,2,3,2,2,6,6,4,5,2,2,2,3,3,2,3,3,3,5,0,4.75,4.75,2.2,5.25,3.66666666666667,6,3.33333333333333,2.75
"170","x17381os","polluted",1,1,1,1,1,1,1,1,1,7,7,7,7,7,2,2,1,1,2,3,2,1,1,1,1,4,3,3,0,1,1,7,1.5,3.33333333333333,5,3,1
"171","gdt3w6n8","clean",6,5,3,2,2,3,3,1,1,3,4,3,3,6,5,5,5,5,1,6,1,6,6,5,7,3,3,2,0,4,2.25,3.8,5,2.66666666666667,2,1.33333333333333,6
"172","p7nfr367","polluted",3,3,2,1,4,4,2,4,2,6,6,6,6,6,2,2,2,2,4,5,4,2,2,2,2,2,2,2,0,2.25,3.5,6,2,2,3,3.66666666666667,2
"173","50zvqol0","clean",5,6,5,4,2,4,3,2,3,4,3,5,4,3,6,4,5,6,4,2,3,3,4,4,3,4,5,4,1,5,2.75,3.8,5.25,4.33333333333333,6,4.33333333333333,3.5
"174","6ewjeckv","polluted",5,6,5,4,6,7,6,5,6,2,3,2,5,5,6,6,3,5,5,2,3,6,6,6,6,7,7,7,0,5,6,3.4,5,7,6,4.66666666666667,6
"175","3u5ffzye","clean",5,7,6,5,4,4,7,3,6,2,3,3,2,2,6,4,5,5,1,2,1,7,7,6,6,6,5,7,1,5.75,4.5,2.4,5,6,6,2.66666666666667,6.5
"176","9zp6t1f4","polluted",4,4,5,3,2,4,2,2,2,4,4,2,2,2,4,4,5,4,7,6,7,2,2,2,1,4,4,4,1,4,2.5,2.8,4.25,4,2,5.33333333333333,1.75
"177","lhs8y4zk","polluted",3,3,4,1,5,4,6,6,6,7,7,7,7,7,5,4,5,3,3,3,4,2,3,5,1,3,4,5,0,2.75,5.25,7,4.25,4,5,4,2.75
"178","eb388xjq","clean",3,4,1,1,4,3,3,3,5,4,4,4,1,1,4,5,2,4,2,5,2,7,2,4,4,5,6,6,1,2.25,3.25,2.8,3.75,5.66666666666667,3,2.33333333333333,4.25
"179","6o01eapa","clean",5,6,5,3,4,5,5,5,5,2,2,2,1,1,6,6,7,5,2,3,2,4,5,3,5,3,3,3,1,4.75,4.75,1.6,6,3,5,3,4.25
"180","00slwchi","polluted",5,1,3,4,5,4,6,3,5,6,5,6,4,3,5,3,5,4,4,5,5,4,4,2,6,5,5,5,1,3.25,4.5,4.8,4.25,5,3,4,4
"181","78or1t1l","clean",1,1,2,1,4,4,1,3,1,5,5,5,6,6,2,2,2,2,7,2,7,1,1,1,1,2,2,2,0,1.25,3,5.4,2,2,6,6.66666666666667,1
"182","8zoap3io","polluted",3,3,3,1,6,5,2,2,5,7,4,7,7,7,3,1,2,2,5,2,5,3,3,1,3,5,5,5,0,2.5,3.75,6.4,2,5,6,5.33333333333333,2.5
"183","3a1daves","clean",4,4,2,1,5,5,5,6,4,4,4,5,3,3,5,3,3,4,3,6,3,5,5,3,3,3,2,2,0,2.75,5.25,3.8,3.75,2.33333333333333,2,2.66666666666667,4
"184","zikv6cxm","polluted",5,5,6,5,4,4,4,4,2,2,2,2,2,2,6,6,6,6,5,5,5,5,5,5,5,6,6,6,1,5.25,4,2,6,6,3,4.33333333333333,5
"185","qwacxd05","clean",4,4,3,2,2,3,2,2,3,4,4,4,4,4,4,4,4,4,4,4,4,2,2,2,2,2,2,2,0,3.25,2.25,4,4,2,4,4,2
"186","lhtyn8ux","polluted",5,5,5,2,5,5,4,6,7,7,6,7,5,6,3,3,2,3,1,1,1,6,5,6,6,4,5,5,1,4.25,5,6.2,2.75,4.66666666666667,7,3,5.75
"187","y0svhwct","clean",7,7,7,4,7,7,6,6,5,1,1,1,1,1,7,7,7,7,2,5,2,7,7,7,7,5,4,5,1,6.25,6.5,1,7,4.66666666666667,3,2.33333333333333,7
"188","gi2j3lit","polluted",5,6,5,4,4,5,4,3,3,5,6,5,4,5,5,5,3,5,6,6,7,4,4,5,4,4,5,3,1,5,4,5,4.5,4,2,5,4.25
"189","dao5kx2i","clean",1,1,1,1,2,1,4,7,7,4,7,7,7,7,1,1,1,1,1,1,1,1,1,1,1,4,3,3,0,1,3.5,6.4,1,3.33333333333333,7,3,1
"190","mayptan5","clean",5,6,5,2,4,6,5,5,4,3,2,2,3,3,5,5,4,5,2,5,3,5,4,5,5,4,5,5,0,4.5,5,2.6,4.75,4.66666666666667,3,2.66666666666667,4.75
"191","zk837dhw","polluted",6,6,6,2,2,5,1,1,1,4,4,5,4,5,4,5,5,4,7,1,7,3,2,2,1,5,6,5,0,5,2.25,4.4,4.5,5.33333333333333,7,7,2
"192","mg6e27o7","clean",4,3,5,5,4,3,4,5,4,5,4,5,5,5,4,6,5,5,5,5,6,5,4,6,4,5,4,4,0,4.25,4,4.8,5,4.33333333333333,3,4.66666666666667,4.75
"193","539pwpp1","polluted",4,6,6,4,7,7,7,7,7,1,1,7,1,1,4,4,6,6,4,5,2,6,6,7,7,7,7,7,1,5,7,2.2,5,7,3,3,6.5
"194","6gfla8at","clean",4,5,5,4,5,5,5,5,5,1,1,1,1,1,4,4,6,5,5,3,4,5,5,4,6,4,4,4,0,4.5,5,1,4.75,4,5,4.66666666666667,5
"195","v4toz2p3","polluted",4,5,3,3,5,2,4,5,6,7,5,6,6,5,3,3,2,3,6,3,4,5,3,5,4,3,3,3,0,3.75,4,5.8,2.75,3,5,5,4.25
"196","yftm4l65","clean",3,5,4,1,4,5,3,5,2,4,3,6,5,5,4,5,5,6,2,5,2,3,3,3,3,4,4,3,0,3.25,4.25,4.6,5,3.66666666666667,3,2.33333333333333,3
"197","ddogipo9","polluted",5,4,4,5,3,4,4,3,2,3,4,4,4,5,4,4,5,5,5,5,5,4,4,4,5,4,4,5,1,4.5,3.5,4,4.5,4.33333333333333,3,4.33333333333333,4.25
"198","mtzbnzt3","clean",6,6,6,6,5,5,5,6,4,1,1,3,4,2,5,6,6,6,4,4,4,4,6,4,5,4,6,5,1,6,5.25,2.2,5.75,5,4,4,4.75
"199","lzzrpqjq","polluted",2,2,2,1,2,4,2,2,2,6,5,7,4,4,3,3,2,2,5,3,5,4,3,4,3,2,4,3,0,1.75,2.5,5.2,2.5,3,5,5,3.5
"200","7196l2mo","clean",1,5,1,1,6,4,3,5,3,3,3,2,2,2,7,6,5,3,1,4,1,2,2,3,5,3,3,2,1,2,4.5,2.4,5.25,2.66666666666667,4,2,3
"201","0jnc8r0z","polluted",6,6,6,4,7,6,6,5,6,4,3,5,1,1,4,5,3,5,6,3,5,4,6,4,5,5,5,6,1,5.5,6,2.8,4.25,5.33333333333333,5,5.33333333333333,4.75
"202","k00kaj7d","clean",6,7,6,6,5,6,6,5,6,2,2,2,3,2,6,6,5,5,3,3,3,4,6,6,6,5,6,6,1,6.25,5.5,2.2,5.5,5.66666666666667,5,3.66666666666667,5.5
"203","euntd3d2","polluted",2,4,4,1,4,4,3,3,4,4,4,4,4,4,4,3,3,3,4,4,4,2,2,2,2,4,4,4,0,2.75,3.5,4,3.25,4,4,4,2
"204","zmyfiiy4","clean",5,6,6,5,4,5,5,3,4,4,2,2,3,3,6,6,5,5,5,6,3,5,4,5,5,6,6,6,0,5.5,4.25,2.8,5.5,6,2,3.33333333333333,4.75
"205","6wl06zta","polluted",4,4,4,1,1,1,1,1,1,4,4,5,4,4,4,4,2,2,7,1,7,1,1,1,1,1,1,1,0,3.25,1,4.2,3,1,7,7,1
"206","wywjm4gy","clean",4,5,5,2,3,4,3,3,3,5,5,5,5,5,5,5,5,5,2,4,4,3,3,3,3,4,4,4,1,4,3.25,5,5,4,4,3.33333333333333,3
"207","8v06z80n","polluted",7,7,7,4,6,6,7,7,7,1,1,7,1,1,5,1,4,2,5,5,5,5,5,5,5,5,5,6,1,6.25,6.5,2.2,3,5.33333333333333,3,4.33333333333333,5
"208","z3l1qg6i","clean",4,4,3,3,4,4,4,3,3,4,4,4,4,3,4,4,4,4,3,3,3,3,3,3,3,3,3,4,0,3.5,3.75,3.8,4,3.33333333333333,5,3.66666666666667,3
"209","upkf4hfz","polluted",4,5,7,4,5,6,4,4,1,5,2,1,2,2,4,4,4,4,7,2,5,4,4,4,4,4,4,4,0,5,4.75,2.4,4,4,6,6,4
"210","sb7nmisy","clean",1,6,2,1,3,4,4,2,6,7,7,7,6,6,1,1,1,1,3,4,4,1,1,1,1,5,5,5,0,2.5,3.25,6.6,1,5,4,3.66666666666667,1
"211","d3auvqe3","polluted",6,7,5,5,6,7,6,6,7,5,5,5,3,3,7,7,6,7,7,5,4,6,5,6,5,6,5,7,1,5.75,6.25,4.2,6.75,6,3,4.66666666666667,5.5
"212","iplzwhb9","polluted",3,4,2,1,3,3,3,4,4,5,4,5,4,4,4,4,3,3,7,1,7,2,2,3,3,2,1,1,0,2.5,3.25,4.4,3.5,1.33333333333333,7,7,2.5
"213","83dz3av0","clean",2,2,2,1,2,4,1,6,2,6,6,6,6,6,4,4,3,3,1,7,1,6,6,6,6,1,3,3,0,1.75,3.25,6,3.5,2.33333333333333,1,1,6
"214","fhvx2kp6","polluted",1,1,1,1,7,1,7,7,7,7,7,7,7,7,1,1,1,1,5,2,4,1,1,1,1,1,1,1,0,1,5.5,7,1,1,6,5,1
"215","vekaco4f","clean",1,2,1,1,5,6,6,7,6,6,7,6,7,7,2,2,1,1,1,7,1,1,1,1,1,1,1,1,0,1.25,6,6.6,1.5,1,1,1,1
"216","20iu1418","polluted",1,3,3,1,2,2,3,1,1,7,7,7,7,7,2,2,2,2,7,2,7,2,2,1,1,1,1,1,1,2,2,7,2,1,6,6.66666666666667,1.5
"217","d5j3vn7f","clean",6,6,5,3,5,7,7,4,5,2,1,1,1,1,6,6,6,5,1,1,1,6,7,7,6,5,5,5,1,5,5.75,1.2,5.75,5,7,3,6.5
"218","4bq90t3c","polluted",4,4,4,2,5,4,3,4,4,2,3,3,2,2,4,4,5,4,1,1,1,3,3,3,3,3,4,4,0,3.5,4,2.4,4.25,3.66666666666667,7,3,3
"219","w6u1weka","clean",5,5,4,2,4,5,5,4,5,5,4,4,4,3,5,5,4,4,5,4,4,5,4,5,5,5,5,4,0,4,4.5,4,4.5,4.66666666666667,4,4.33333333333333,4.75
"220","jgq3pat1","polluted",4,7,7,4,7,7,6,4,6,4,4,4,3,2,6,6,7,6,4,3,4,6,6,6,5,4,6,5,0,5.5,6,3.4,6.25,5,5,4.33333333333333,5.75
"221","clqzsu9r","clean",3,4,3,1,4,4,4,4,4,3,3,3,3,3,4,4,4,4,2,5,2,2,2,2,2,3,3,3,0,2.75,4,3,4,3,3,2.33333333333333,2
"222","2a3y38za","polluted",5,5,5,4,3,4,4,3,3,4,4,4,6,6,5,5,4,5,6,3,6,3,4,3,4,4,5,5,0,4.75,3.5,4.8,4.75,4.66666666666667,5,5.66666666666667,3.5
"223","ln8p0np3","clean",1,2,3,1,4,5,5,5,3,7,6,7,7,7,2,3,2,1,3,7,3,4,3,2,2,4,6,5,0,1.75,4.75,6.8,2,5,1,2.33333333333333,2.75
"224","5bqye4pi","polluted",3,5,4,2,6,3,4,4,5,2,4,3,3,1,4,3,7,5,3,7,3,3,4,5,4,1,4,3,0,3.5,4.25,2.6,4.75,2.66666666666667,1,2.33333333333333,4
"225","29g7pn9c","clean",2,3,4,2,5,4,3,2,3,3,3,5,3,4,4,4,5,4,2,6,2,3,3,2,2,2,3,2,0,2.75,3.5,3.6,4.25,2.33333333333333,2,2,2.5
"226","0hggpv3p","clean",5,6,5,3,5,6,3,2,3,2,2,6,2,3,5,5,4,6,1,1,1,5,5,3,4,5,5,5,0,4.75,4,3,5,5,7,3,4.25
"227","1nbv3otr","polluted",5,5,1,1,3,2,3,6,7,1,1,1,7,7,5,5,2,5,5,2,5,2,2,2,2,2,5,5,0,3,3.5,3.4,4.25,4,6,5.33333333333333,2
"228","atj2hyve","clean",3,5,6,4,2,4,2,4,1,5,4,3,4,4,4,4,2,3,4,4,3,4,3,4,2,2,4,3,1,4.5,3,4,3.25,3,4,3.66666666666667,3.25
"229","bki1mqmv","clean",4,4,6,2,4,4,4,4,4,5,3,3,3,3,4,4,2,4,4,4,4,4,4,4,4,4,4,4,0,4,4,3.4,3.5,4,4,4,4
"230","53kosgnm","polluted",2,6,4,2,3,4,6,3,7,5,5,6,5,5,4,4,3,3,5,3,4,2,3,2,2,3,4,3,1,3.5,4,5.2,3.5,3.33333333333333,5,4.66666666666667,2.25
"231","jisw7g86","clean",4,6,5,1,3,4,2,2,2,5,5,5,6,5,3,3,3,3,3,3,3,3,3,3,3,2,2,2,0,4,2.75,5.2,3,2,5,3.66666666666667,3
"232","uum702ee","polluted",5,5,6,2,5,5,5,4,4,3,3,3,3,3,4,4,4,4,5,4,5,4,4,4,3,6,6,6,1,4.5,4.75,3,4,6,4,4.66666666666667,3.75
"233","gu2dm4tu","clean",2,2,1,1,1,1,1,7,1,7,7,5,5,5,4,4,3,5,7,3,7,1,1,1,1,1,1,1,0,1.5,2.5,5.8,4,1,5,6.33333333333333,1
"234","c2nt82qv","polluted",2,3,3,4,4,4,4,5,4,4,4,5,3,4,4,3,3,2,5,4,5,4,4,3,2,3,3,3,1,3,4.25,4,3,3,4,4.66666666666667,3.25
"235","ygzwm6d8","clean",6,7,7,6,7,5,6,7,6,2,1,2,1,1,7,7,5,6,4,3,2,6,5,6,6,7,4,6,1,6.5,6.25,1.4,6.25,5.66666666666667,5,3.66666666666667,5.75
"236","dfqtjs64","polluted",7,6,7,5,7,7,6,6,7,1,3,2,1,1,6,5,6,4,1,7,2,7,7,6,6,6,7,7,1,6.25,6.5,1.6,5.25,6.66666666666667,1,1.33333333333333,6.5
"237","n1xvft7d","clean",4,6,5,4,3,5,4,3,4,2,3,3,4,2,4,5,4,3,4,3,4,4,4,3,5,3,4,4,1,4.75,3.75,2.8,4,3.66666666666667,5,4.33333333333333,4
"238","lbe9t0e0","polluted",1,5,1,1,2,3,2,6,2,6,4,6,6,6,3,1,2,2,3,6,3,1,1,1,2,1,1,1,0,2,3.25,5.6,2,1,2,2.66666666666667,1.25
"239","taacjj2c","clean",4,5,5,1,4,3,2,2,3,5,4,6,1,4,4,4,4,4,2,3,3,4,4,4,4,3,4,3,0,3.75,2.75,4,4,3.33333333333333,5,3.33333333333333,4
"240","5ua1szs7","polluted",5,6,5,2,3,5,3,2,3,6,2,2,6,6,5,3,2,6,5,6,5,6,5,3,3,2,2,4,0,4.5,3.25,4.4,4,2.66666666666667,2,4,4.25
"241","v8lkjc4v","clean",4,6,6,2,6,4,5,3,5,1,2,2,1,1,6,6,2,4,2,5,2,5,6,5,5,5,6,6,0,4.5,4.5,1.4,4.5,5.66666666666667,3,2.33333333333333,5.25
"242","tw57yo8m","polluted",1,3,2,1,2,2,1,3,1,5,5,6,4,2,3,2,2,1,7,4,7,1,1,1,1,1,1,1,0,1.75,2,4.4,2,1,4,6,1
"243","bc5xxuen","clean",2,2,2,1,4,4,4,6,4,4,5,5,5,4,3,3,3,3,2,5,2,1,1,1,1,2,2,2,0,1.75,4.5,4.6,3,2,3,2.33333333333333,1
"244","51hkp618","polluted",2,1,2,1,5,4,3,3,3,7,6,6,7,7,1,1,1,1,7,2,7,1,2,1,1,1,1,1,0,1.5,3.75,6.6,1,1,6,6.66666666666667,1.25
"245","cnzqat47","clean",5,6,5,1,4,3,2,2,2,2,2,2,1,2,4,5,3,4,4,5,4,6,5,6,6,6,6,6,0,4.25,2.75,1.8,4,6,3,3.66666666666667,5.75
"246","jqjgyt7w","polluted",4,5,5,4,4,3,3,2,5,3,4,3,3,3,5,5,6,6,6,1,6,5,4,4,5,4,4,4,0,4.5,3,3.2,5.5,4,7,6.33333333333333,4.5
"247","1xhhkey3","clean",5,5,5,3,6,5,5,3,5,3,3,3,3,3,4,4,4,4,1,1,2,5,6,6,6,6,6,6,0,4.5,4.75,3,4,6,7,3.33333333333333,5.75
"248","4nybyodg","polluted",6,6,6,6,5,5,4,4,5,2,1,2,2,2,2,2,2,2,2,2,5,5,5,5,5,6,6,6,1,6,4.5,1.8,2,6,6,4.33333333333333,5
"249","ddae1gvj","clean",4,5,6,3,5,6,4,4,5,1,1,1,1,1,7,7,6,6,3,5,3,4,5,5,5,5,5,5,0,4.5,4.75,1,6.5,5,3,3,4.75
"250","h9pbqbrw","polluted",2,3,4,2,1,3,2,1,4,5,5,6,5,3,5,4,3,3,5,1,6,2,2,3,2,3,3,3,0,2.75,1.75,4.8,3.75,3,7,6,2.25
"251","nmyt3gkv","clean",3,4,3,1,4,4,5,5,5,7,5,6,7,6,4,4,3,4,1,4,3,4,2,2,1,4,3,3,1,2.75,4.5,6.2,3.75,3.33333333333333,4,2.66666666666667,2.25
"252","lqnuiqyn","polluted",3,4,3,2,5,4,5,5,5,5,2,5,2,2,4,4,3,3,2,4,2,3,3,3,3,6,6,6,1,3,4.75,3.2,3.5,6,4,2.66666666666667,3
"253","o8zurlv4","clean",2,3,2,1,2,3,2,3,3,4,2,3,4,3,3,4,3,3,6,4,5,1,1,1,1,2,1,1,0,2,2.5,3.2,3.25,1.33333333333333,4,5,1
"254","wo4fdrv3","polluted",4,4,1,1,1,1,1,4,1,1,2,7,2,1,7,7,7,7,5,4,3,1,1,1,1,1,1,1,1,2.5,1.75,2.6,7,1,4,4,1
"255","7ufarv7c","clean",4,6,4,1,5,4,3,1,1,2,2,2,1,2,6,5,3,5,2,7,1,5,4,4,4,6,7,6,0,3.75,3.25,1.8,4.75,6.33333333333333,1,1.33333333333333,4.25
"256","nbnqoqvh","polluted",7,7,7,7,7,7,7,7,7,1,1,1,1,1,7,7,7,7,1,1,1,7,7,7,7,7,7,7,1,7,7,1,7,7,7,3,7
"257","enf1ang4","clean",1,1,1,1,4,4,7,7,7,4,1,4,1,1,1,1,1,1,1,4,1,1,1,1,1,1,1,1,0,1,5.5,2.2,1,1,4,2,1
"258","rs8ezd0w","polluted",4,7,6,4,6,7,4,5,4,1,1,1,1,1,6,6,6,6,1,1,1,6,5,5,6,6,6,6,0,5.25,5.5,1,6,6,7,3,5.5
"259","kf7cgfyh","polluted",4,7,5,2,3,3,2,2,2,2,2,2,2,2,4,4,6,4,5,2,6,5,4,5,5,5,5,5,0,4.5,2.5,2,4.5,5,6,5.66666666666667,4.75
"260","xn8v7jbd","clean",5,5,5,4,3,3,2,2,1,5,4,4,6,4,4,4,4,4,6,6,6,3,1,1,3,1,3,5,0,4.75,2.5,4.6,4,3,2,4.66666666666667,2
"261","9xn4cuiz","polluted",3,3,3,1,2,2,2,2,2,6,5,5,5,5,3,2,3,4,2,5,3,2,2,2,2,2,3,2,0,2.5,2,5.2,3,2.33333333333333,3,2.66666666666667,2
"262","jeosjpnz","clean",4,5,4,2,4,4,3,3,5,3,3,4,2,3,5,5,4,4,2,4,5,3,4,3,4,3,3,4,0,3.75,3.5,3,4.5,3.33333333333333,4,3.66666666666667,3.5
"263","9eum9pnk","clean",4,4,4,3,3,4,4,3,4,3,3,3,3,3,5,5,5,5,3,3,3,4,4,4,4,5,5,5,0,3.75,3.5,3,5,5,5,3.66666666666667,4
"264","7hl33zia","polluted",4,6,6,2,4,4,5,2,3,5,4,4,4,4,4,4,3,3,4,4,4,4,4,4,4,4,4,4,0,4.5,3.75,4.2,3.5,4,4,4,4
"265","w9v1ekb3","clean",4,4,3,3,4,4,3,5,4,3,3,4,2,3,4,4,4,4,4,5,3,4,5,4,4,3,4,4,0,3.5,4,3,4,3.66666666666667,3,3.33333333333333,4.25
"266","0v1006ni","polluted",2,2,1,2,3,4,2,3,1,6,6,6,7,6,4,3,2,2,4,5,3,3,2,3,1,5,6,5,0,1.75,3,6.2,2.75,5.33333333333333,3,3.33333333333333,2.25
"267","0vjqemjk","clean",5,5,5,3,4,4,6,3,4,3,3,3,2,2,5,4,4,4,6,4,5,3,4,4,4,5,4,4,1,4.5,4.25,2.6,4.25,4.33333333333333,4,5,3.75
"268","qj7lvejl","polluted",5,5,5,5,5,3,4,4,3,3,3,4,4,2,5,4,5,5,3,2,5,5,4,4,5,4,4,4,1,5,4,3.2,4.75,4,6,4.66666666666667,4.5
"269","8w5qo88o","clean",7,7,6,4,7,6,6,7,7,4,4,4,2,3,7,6,4,4,2,2,2,7,7,7,7,6,6,6,0,6,6.5,3.4,5.25,6,6,3.33333333333333,7
"270","hpt4jy4l","polluted",5,6,3,2,3,4,5,4,6,5,5,6,5,5,4,4,4,4,5,6,2,1,2,2,2,2,2,2,1,4,4,5.2,4,2,2,3,1.75
"271","iax5d653","clean",4,4,5,3,6,5,3,3,3,4,4,4,4,4,5,5,7,5,1,5,1,5,5,4,5,4,4,4,1,4,4.25,4,5.5,4,3,1.66666666666667,4.75
"272","9tzz4zo0","polluted",6,7,6,6,4,6,3,3,5,5,5,6,2,1,6,6,6,6,2,2,2,4,4,4,4,6,6,7,1,6.25,4,3.8,6,6.33333333333333,6,3.33333333333333,4
"273","uetmh75d","clean",4,6,4,4,5,5,5,5,6,2,2,2,3,1,5,4,6,5,5,4,5,2,4,3,5,5,6,6,0,4.5,5,2,5,5.66666666666667,4,4.66666666666667,3.5
"274","ogexagpv","polluted",2,3,4,1,2,5,3,2,2,5,2,4,1,2,4,2,5,5,7,2,7,3,2,4,2,4,6,5,0,2.5,3,2.8,4,5,6,6.66666666666667,2.75
"275","yeu5a67y","polluted",2,3,1,1,2,2,3,1,1,6,7,5,6,6,3,3,2,2,5,3,6,1,2,1,1,1,2,2,0,1.75,2,6,2.5,1.66666666666667,5,5.33333333333333,1.25
"276","wj8ozx2c","clean",6,5,5,4,5,5,4,5,5,2,2,3,2,2,5,5,6,5,2,4,2,5,5,5,5,5,5,5,1,5,4.75,2.2,5.25,5,4,2.66666666666667,5
"277","gqovlkqh","polluted",4,3,3,1,4,4,3,5,5,6,5,6,5,4,4,5,3,4,5,3,5,3,4,2,3,1,3,3,0,2.75,4,5.2,4,2.33333333333333,5,5,3
"278","pq7rylmk","clean",5,5,6,5,6,4,5,4,5,4,4,2,3,2,5,6,6,5,4,2,3,5,6,6,4,5,4,5,1,5.25,4.75,3,5.5,4.66666666666667,6,4.33333333333333,5.25
"279","5bkmrr65","clean",4,4,2,1,1,1,1,1,1,4,4,4,1,4,4,4,4,4,7,7,7,4,4,4,4,3,3,3,0,2.75,1,3.4,4,3,1,5,4
"280","lz93ij7o","polluted",5,5,6,5,5,4,6,5,5,2,1,1,2,1,6,5,5,6,2,3,2,6,5,6,6,6,6,6,0,5.25,5,1.4,5.5,6,5,3,5.75
"281","0vqs3kmp","clean",3,3,4,1,2,2,3,2,1,7,6,7,6,6,2,2,5,1,5,6,5,1,1,1,1,3,4,5,0,2.75,2.25,6.4,2.5,4,2,4,1
"282","u5ofgxqf","clean",2,2,1,2,4,2,3,3,6,5,3,4,4,5,3,2,2,2,6,6,4,2,2,2,3,2,1,2,0,1.75,3,4.2,2.25,1.66666666666667,2,4,2.25
"283","9166e17l","polluted",3,3,4,1,1,1,1,1,1,5,4,5,2,4,4,4,4,4,3,2,4,1,1,1,1,1,1,1,0,2.75,1,4,4,1,6,4.33333333333333,1
"284","49knd0l6","clean",4,5,5,2,5,4,5,3,5,2,2,2,2,2,4,4,4,4,2,5,2,4,4,4,4,5,5,5,0,4,4.25,2,4,5,3,2.33333333333333,4
"285","4da4esj3","polluted",4,3,4,1,4,4,3,5,3,4,2,4,5,5,4,4,3,3,5,4,4,2,2,3,2,2,3,3,0,3,4,4,3.5,2.66666666666667,4,4.33333333333333,2.25
"286","jy35iki8","polluted",4,5,5,2,5,4,4,5,5,3,3,3,3,2,5,6,4,5,2,5,5,6,6,5,6,6,6,6,0,4,4.5,2.8,5,6,3,3.33333333333333,5.75
"287","t4mknulh","polluted",3,2,1,1,1,1,5,6,5,7,7,7,7,7,1,1,1,1,7,4,7,1,1,1,1,1,1,1,0,1.75,3.25,7,1,1,4,6,1
"288","2p5p15ga","clean",4,4,4,2,5,4,5,4,6,3,3,3,2,2,4,4,4,4,3,3,3,2,2,2,2,2,2,3,0,3.5,4.5,2.6,4,2.33333333333333,5,3.66666666666667,2
"289","bvxuq9yw","polluted",4,6,7,5,5,4,6,4,5,1,2,2,1,1,5,5,7,5,2,6,1,4,4,5,4,5,6,6,1,5.5,4.75,1.4,5.5,5.66666666666667,2,1.66666666666667,4.25
"290","tvzdtnny","clean",3,4,3,1,3,2,2,5,5,4,3,4,2,2,4,4,5,3,2,2,2,2,2,2,2,2,2,2,0,2.75,3,3,4,2,6,3.33333333333333,2
"291","yzs7vn1z","polluted",3,5,2,1,5,4,5,3,5,7,6,7,1,7,4,5,5,4,2,5,2,1,4,1,1,5,5,5,1,2.75,4.25,5.6,4.5,5,3,2.33333333333333,1.75
"292","y9cayeqz","clean",1,1,1,1,1,3,1,1,1,7,7,7,7,7,1,1,1,1,5,4,5,1,1,1,1,1,1,1,0,1,1.5,7,1,1,4,4.66666666666667,1
"293","b9sk5ib8","polluted",4,6,6,1,6,4,6,2,7,1,1,1,1,1,5,2,4,5,5,2,5,6,5,4,4,5,4,5,0,4.25,4.5,1,4,4.66666666666667,6,5.33333333333333,4.75
"294","1yr2jg54","clean",4,5,3,1,5,4,4,2,5,2,2,3,1,2,4,4,4,4,4,3,5,2,3,2,2,2,2,2,0,3.25,3.75,2,4,2,5,4.66666666666667,2.25
"295","4s1mfe2m","polluted",4,4,5,3,4,4,5,4,6,4,4,4,4,5,4,4,4,4,6,4,4,2,4,2,2,2,3,3,0,4,4.25,4.2,4,2.66666666666667,4,4.66666666666667,2.5
"296","cm48p2au","clean",3,4,4,4,3,4,3,2,2,1,1,2,3,1,4,3,3,4,5,2,4,3,3,2,3,2,3,3,1,3.75,3,1.6,3.5,2.66666666666667,6,5,2.75
"297","lt2wmrcg","clean",7,7,7,7,6,7,7,6,6,3,1,1,1,1,6,4,4,5,3,4,3,7,6,6,6,7,7,7,1,7,6.5,1.4,4.75,7,4,3.33333333333333,6.25
"298","n4dv7e1a","polluted",1,1,1,1,6,4,6,7,4,4,4,7,1,1,1,1,1,1,4,6,5,1,1,1,1,1,1,1,0,1,5.75,3.4,1,1,2,3.66666666666667,1
"299","4t80fabw","clean",3,2,2,2,6,5,4,4,4,6,6,6,5,6,1,1,1,2,5,5,5,2,2,2,2,2,2,2,1,2.25,4.75,5.8,1.25,2,3,4.33333333333333,2
"300","69g12x8g","polluted",3,3,4,2,2,2,2,2,1,4,4,4,5,6,3,2,4,2,7,2,7,2,2,2,2,4,4,4,0,3,2,4.6,2.75,4,6,6.66666666666667,2
"301","g6p5ri1c","clean",5,5,5,4,2,4,2,2,1,3,3,3,3,3,5,5,5,5,5,2,5,4,4,4,4,5,5,5,0,4.75,2.5,3,5,5,6,5.33333333333333,4
"302","4ibkcad0","polluted",6,6,6,6,6,6,6,7,6,2,2,2,2,2,6,6,6,6,6,6,6,6,6,6,6,6,6,6,0,6,6.25,2,6,6,2,4.66666666666667,6
"303","vxo2w53k","clean",5,6,5,1,5,5,5,4,5,6,5,5,6,6,6,6,4,4,7,7,5,6,4,6,6,4,5,4,0,4.25,4.75,5.6,5,4.33333333333333,1,4.33333333333333,5.5
"304","k33g21hf","polluted",5,4,5,2,4,3,2,3,4,1,2,4,1,2,6,5,5,4,2,2,3,3,5,4,5,4,3,4,0,4,3,2,5,3.66666666666667,6,3.66666666666667,4.25
"305","jgcz6igf","polluted",4,5,6,5,2,2,1,2,2,3,4,4,4,3,4,4,4,4,2,7,1,3,3,3,3,4,5,5,0,5,1.75,3.6,4,4.66666666666667,1,1.33333333333333,3
"306","3duny912","clean",4,6,1,1,5,7,5,7,6,7,7,7,4,4,4,6,5,5,3,5,3,1,5,6,5,4,1,7,1,3,6,5.8,5,4,3,3,4.25
"307","ay1f08fw","clean",5,6,5,3,3,4,3,4,5,5,2,3,3,3,4,5,3,4,4,4,3,5,6,4,4,3,3,4,1,4.75,3.5,3.2,4,3.33333333333333,4,3.66666666666667,4.75
"308","f0m8i5co","clean",2,2,2,1,3,3,2,1,1,4,4,5,3,4,4,4,4,3,2,6,2,5,4,4,4,3,3,3,0,1.75,2.25,4,3.75,3,2,2,4.25
"309","sna4hj7q","polluted",2,4,3,2,4,5,5,4,6,5,4,3,3,3,4,3,4,4,3,4,3,3,4,4,3,4,5,5,0,2.75,4.5,3.6,3.75,4.66666666666667,4,3.33333333333333,3.5
"310","b3se6b2g","clean",3,6,6,4,6,3,5,5,5,5,5,4,4,4,5,4,4,4,4,3,4,4,4,5,4,5,4,5,0,4.75,4.75,4.4,4.25,4.66666666666667,5,4.33333333333333,4.25
"311","7bxnydez","clean",2,3,1,1,4,4,2,5,4,7,7,7,7,7,4,4,4,2,2,1,2,1,1,1,1,1,4,3,0,1.75,3.75,7,3.5,2.66666666666667,7,3.66666666666667,1
"312","6u4jiwwz","clean",1,5,5,1,5,3,1,4,3,4,4,3,1,4,5,4,4,5,3,5,3,4,1,4,1,5,3,5,0,3,3.25,3.2,4.5,4.33333333333333,3,3,2.5
"313","7l56pz7k","polluted",2,3,2,1,3,4,3,3,3,6,5,6,6,6,2,2,2,2,5,3,5,2,2,2,2,3,3,3,0,2,3.25,5.8,2,3,5,5,2
"314","90gwets7","clean",3,3,4,1,5,4,4,4,4,5,5,5,3,3,3,2,3,3,2,4,4,2,3,4,3,2,3,2,0,2.75,4.25,4.2,2.75,2.33333333333333,4,3.33333333333333,3
